{"cameraMode":{"drawMode":0,"name":"Shaded","section":"Shading Mode"},"sceneLighting":true,"audioPlay":false,"sceneViewState":{"showFog":true,"showMaterialUpdate":false,"showSkybox":true,"showFlares":true,"showImageEffects":true,"showParticleSystems":true},"in2DMode":false,"pivot":{"x":-19.772214889526368,"y":3.1128456592559816,"z":-32.83017349243164},"rotation":{"x":-0.19206053018569947,"y":-0.5678728222846985,"z":0.13812437653541566,"w":-0.7885074615478516},"size":9.979750633239746,"orthographic":false}