{"cameraMode":{"drawMode":0,"name":"Shaded","section":"Shading Mode"},"sceneLighting":false,"audioPlay":false,"sceneViewState":{"showFog":true,"showMaterialUpdate":false,"showSkybox":false,"showFlares":true,"showImageEffects":true,"showParticleSystems":true},"in2DMode":false,"pivot":{"x":-25.54808235168457,"y":2.0307748317718508,"z":27.867887496948243},"rotation":{"x":-0.03883194550871849,"y":0.15070468187332154,"z":-0.006082373205572367,"w":-0.9878889322280884},"size":59.42009353637695,"orthographic":false}